{
  "status": "OPTIMAL",
  "total_cost": 520976.5333333333,
  "setup_cost": 143000.0,
  "holding_cost": 363396.5333333333,
  "investment_cost_X": 1080.0,
  "investment_cost_Y": 13500.0,
  "expansion_X_units": 108.0,
  "expansion_Y_pct": 9.0,
  "new_cap_X": 908.0,
  "new_cap_Y_minutes": 10900.0,
  "production_schedule": {
    "B1401": {
      "2": 3350.6666666666665,
      "5": 3628.0,
      "6": 3633.3333333333335,
      "7": 3633.3333333333335,
      "8": 3633.3333333333335,
      "11": 3633.3333333333335,
      "12": 3633.3333333333335,
      "13": 3633.3333333333335,
      "14": 3633.3333333333335,
      "17": 3633.3333333333335,
      "18": 3633.3333333333335,
      "19": 3633.3333333333335
    },
    "B2302": {
      "4": 3313.0,
      "9": 5446.0,
      "10": 5450.0,
      "15": 5446.0,
      "16": 5450.0,
      "20": 2729.0,
      "21": 5450.0
    },
    "B3201": {
      "6": 3256.5,
      "12": 5448.0,
      "18": 5448.0,
      "23": 4089.5
    },
    "B4702": {
      "1": 13600.0,
      "2": 12797.75,
      "8": 19068.0,
      "14": 19068.0,
      "19": 14313.25
    },
    "V1501": {
      "6": 2437.6666666666665,
      "12": 3632.0,
      "18": 3632.0,
      "23": 2726.3333333333335
    },
    "V6302": {
      "6": 2400.0,
      "7": 1828.25,
      "13": 2724.0,
      "19": 2724.0,
      "24": 2044.75
    },
    "E2801": {
      "1": 650.0,
      "8": 800.0,
      "9": 609.4166666666666,
      "15": 908.0,
      "21": 908.0,
      "26": 681.5833333333334
    }
  },
  "inventory": {
    "B1401": {
      "1": 6400.0,
      "2": 6400.0,
      "3": 6400.0,
      "4": 6400.0,
      "5": 6400.0,
      "6": 0.0,
      "7": 0.0,
      "8": 0.0,
      "9": 3628.0,
      "10": 7261.333333333333,
      "11": 10894.666666666666,
      "12": 0.0,
      "13": 0.0,
      "14": 0.0,
      "15": 3633.3333333333335,
      "16": 7266.666666666667,
      "17": 10900.0,
      "18": 5.333333333333333,
      "19": 5.333333333333333,
      "20": 5.333333333333333,
      "21": 3638.6666666666665,
      "22": 7272.0,
      "23": 0.0,
      "24": 0.0,
      "25": 0.0,
      "26": 0.0,
      "27": 0.0,
      "28": 0.0,
      "29": 0.0,
      "30": 0.0
    },
    "B2302": {
      "1": 4000.0,
      "2": 4000.0,
      "3": 4000.0,
      "4": 4000.0,
      "5": 4000.0,
      "6": 0.0,
      "7": 0.0,
      "8": 0.0,
      "9": 0.0,
      "10": 0.0,
      "11": 5446.0,
      "12": 0.0,
      "13": 0.0,
      "14": 0.0,
      "15": 0.0,
      "16": 0.0,
      "17": 5446.0,
      "18": 0.0,
      "19": 0.0,
      "20": 0.0,
      "21": 0.0,
      "22": 2729.0,
      "23": 0.0,
      "24": 0.0,
      "25": 0.0,
      "26": 0.0,
      "27": 0.0,
      "28": 0.0,
      "29": 0.0,
      "30": 0.0
    },
    "B3201": {
      "1": 5200.0,
      "2": 5200.0,
      "3": 5200.0,
      "4": 5200.0,
      "5": 5200.0,
      "6": 400.0,
      "7": 0.0,
      "8": 0.0,
      "9": 0.0,
      "10": 0.0,
      "11": 0.0,
      "12": 0.0,
      "13": 0.0,
      "14": 0.0,
      "15": 0.0,
      "16": 0.0,
      "17": 0.0,
      "18": 0.0,
      "19": 0.0,
      "20": 0.0,
      "21": 0.0,
      "22": 0.0,
      "23": 0.0,
      "24": 0.0,
      "25": 0.0,
      "26": 0.0,
      "27": 0.0,
      "28": 0.0,
      "29": 0.0,
      "30": 0.0
    },
    "B4702": {
      "1": 3200.0,
      "2": 3200.0,
      "3": 3200.0,
      "4": 3200.0,
      "5": 3200.0,
      "6": 0.0,
      "7": 0.0,
      "8": 0.0,
      "9": 0.0,
      "10": 0.0,
      "11": 0.0,
      "12": 0.0,
      "13": 0.0,
      "14": 0.0,
      "15": 0.0,
      "16": 0.0,
      "17": 0.0,
      "18": 0.0,
      "19": 0.0,
      "20": 0.0,
      "21": 0.0,
      "22": 0.0,
      "23": 0.0,
      "24": 0.0,
      "25": 0.0,
      "26": 0.0,
      "27": 0.0,
      "28": 0.0,
      "29": 0.0,
      "30": 0.0
    },
    "V1501": {
      "1": 3200.0,
      "2": 3200.0,
      "3": 3200.0,
      "4": 3200.0,
      "5": 3200.0,
      "6": 3200.0,
      "7": 3200.0,
      "8": 0.0,
      "9": 0.0,
      "10": 0.0,
      "11": 0.0,
      "12": 0.0,
      "13": 0.0,
      "14": 0.0,
      "15": 0.0,
      "16": 0.0,
      "17": 0.0,
      "18": 0.0,
      "19": 0.0,
      "20": 0.0,
      "21": 0.0,
      "22": 0.0,
      "23": 0.0,
      "24": 0.0,
      "25": 0.0,
      "26": 0.0,
      "27": 0.0,
      "28": 0.0,
      "29": 0.0,
      "30": 0.0
    },
    "V6302": {
      "1": 0.0,
      "2": 0.0,
      "3": 0.0,
      "4": 0.0,
      "5": 0.0,
      "6": 0.0,
      "7": 0.0,
      "8": 0.0,
      "9": 0.0,
      "10": 0.0,
      "11": 0.0,
      "12": 0.0,
      "13": 0.0,
      "14": 0.0,
      "15": 0.0,
      "16": 0.0,
      "17": 0.0,
      "18": 0.0,
      "19": 0.0,
      "20": 0.0,
      "21": 0.0,
      "22": 0.0,
      "23": 0.0,
      "24": 0.0,
      "25": 0.0,
      "26": 0.0,
      "27": 0.0,
      "28": 0.0,
      "29": 0.0,
      "30": 0.0
    },
    "E2801": {
      "1": 1214.0,
      "2": 1720.0,
      "3": 1457.0,
      "4": 1334.0,
      "5": 1163.0,
      "6": 968.0,
      "7": 554.0,
      "8": 407.0,
      "9": 1078.0,
      "10": 1442.4166666666667,
      "11": 1234.4166666666667,
      "12": 1056.4166666666667,
      "13": 888.4166666666666,
      "14": 680.4166666666666,
      "15": 507.4166666666667,
      "16": 1247.4166666666667,
      "17": 1066.4166666666667,
      "18": 878.4166666666666,
      "19": 666.4166666666666,
      "20": 413.41666666666663,
      "21": 194.41666666666666,
      "22": 906.4166666666666,
      "23": 680.4166666666666,
      "24": 441.41666666666663,
      "25": 221.41666666666666,
      "26": 22.416666666666668,
      "27": 521.0,
      "28": 372.0,
      "29": 205.0,
      "30": 0.0
    }
  }
}