{
  "status": "EVALUATED",
  "based_on_plan": "output_5a.json",
  "demand_type": "realized",
  "total_cost": 553686.6,
  "cost_breakdown": {
    "setup_cost": 132000.0,
    "holding_cost": 360656.6,
    "backorder_cost": 37250.0,
    "investment_cost_X": 2000.0,
    "investment_cost_Y": 21180.0,
    "overtime_cost_X": 600.0,
    "overtime_cost_Y": 0.0
  },
  "performance": {
    "service_level": 0.933333,
    "service_level_pct": 93.333333,
    "fill_rate": 0.975237,
    "fill_rate_pct": 97.523683,
    "total_demand_realized": 6017,
    "units_on_time": 5868.0,
    "periods_no_backorder": 28,
    "total_units_backordered": 149.0
  },
  "backorders": {
    "1": 0.0,
    "2": 0.0,
    "3": 0.0,
    "4": 0.0,
    "5": 0.0,
    "6": 0.0,
    "7": 0.0,
    "8": 0.0,
    "9": 0.0,
    "10": 0.0,
    "11": 0.0,
    "12": 0.0,
    "13": 0.0,
    "14": 0.0,
    "15": 0.0,
    "16": 0.0,
    "17": 0.0,
    "18": 0.0,
    "19": 0.0,
    "20": 0.0,
    "21": 0.0,
    "22": 0.0,
    "23": 0.0,
    "24": 0.0,
    "25": 0.0,
    "26": 39.0,
    "27": 0.0,
    "28": 0.0,
    "29": 0.0,
    "30": 110.0
  },
  "end_product_net_position": {
    "1": 1230.0,
    "2": 1728.0,
    "3": 1515.0,
    "4": 1409.0,
    "5": 1261.0,
    "6": 1099.0,
    "7": 732.0,
    "8": 603.0,
    "9": 1793.0,
    "10": 1507.0,
    "11": 1266.0,
    "12": 1054.0,
    "13": 855.0,
    "14": 619.0,
    "15": 432.0,
    "16": 1198.0,
    "17": 1005.0,
    "18": 804.0,
    "19": 576.0,
    "20": 339.0,
    "21": 86.0,
    "22": 828.0,
    "23": 581.0,
    "24": 348.0,
    "25": 153.0,
    "26": -39.0,
    "27": 486.0,
    "28": 315.0,
    "29": 118.0,
    "30": -110.0
  },
  "inventory": {
    "B1401": {
      "1": 6400.0,
      "2": 6400.0,
      "3": 6400.0,
      "4": 6400.0,
      "5": 0.0,
      "6": 0.0,
      "7": 0.0,
      "8": 0.0,
      "9": 3804.0,
      "10": 7608.0,
      "11": 11412.0,
      "12": 0.0,
      "13": 0.0,
      "14": 0.0,
      "15": 3804.0,
      "16": 7608.0,
      "17": 11412.0,
      "18": 0.0,
      "19": 0.0,
      "20": 0.0,
      "21": 3656.0,
      "22": 7460.0,
      "23": 0.0,
      "24": 0.0,
      "25": 0.0,
      "26": 0.0,
      "27": 0.0,
      "28": 0.0,
      "29": 0.0,
      "30": 0.0
    },
    "B2302": {
      "1": 4000.0,
      "2": 4000.0,
      "3": 4000.0,
      "4": 4000.0,
      "5": 0.0,
      "6": 0.0,
      "7": 0.0,
      "8": 0.0,
      "9": 0.0,
      "10": 0.0,
      "11": 5706.0,
      "12": 0.0,
      "13": 0.0,
      "14": 0.0,
      "15": 0.0,
      "16": 0.0,
      "17": 5706.0,
      "18": 0.0,
      "19": 0.0,
      "20": 0.0,
      "21": 0.0,
      "22": 2742.0,
      "23": 0.0,
      "24": 0.0,
      "25": 0.0,
      "26": 0.0,
      "27": 0.0,
      "28": 0.0,
      "29": 0.0,
      "30": 0.0
    },
    "B3201": {
      "1": 5200.0,
      "2": 5200.0,
      "3": 5200.0,
      "4": 5200.0,
      "5": 5200.0,
      "6": 0.0,
      "7": 0.0,
      "8": 0.0,
      "9": 0.0,
      "10": 0.0,
      "11": 0.0,
      "12": 0.0,
      "13": 0.0,
      "14": 0.0,
      "15": 0.0,
      "16": 0.0,
      "17": 0.0,
      "18": 0.0,
      "19": 0.0,
      "20": 0.0,
      "21": 0.0,
      "22": 0.0,
      "23": 0.0,
      "24": 0.0,
      "25": 0.0,
      "26": 0.0,
      "27": 0.0,
      "28": 0.0,
      "29": 0.0,
      "30": 0.0
    },
    "B4702": {
      "1": 3200.0,
      "2": 3200.0,
      "3": 3200.0,
      "4": 3200.0,
      "5": 3200.0,
      "6": 0.0,
      "7": 0.0,
      "8": 0.0,
      "9": 0.0,
      "10": 0.0,
      "11": 0.0,
      "12": 0.0,
      "13": 0.0,
      "14": 0.0,
      "15": 0.0,
      "16": 0.0,
      "17": 0.0,
      "18": 0.0,
      "19": 0.0,
      "20": 0.0,
      "21": 0.0,
      "22": 0.0,
      "23": 0.0,
      "24": 0.0,
      "25": 0.0,
      "26": 0.0,
      "27": 0.0,
      "28": 0.0,
      "29": 0.0,
      "30": 0.0
    },
    "V1501": {
      "1": 3200.0,
      "2": 3200.0,
      "3": 3200.0,
      "4": 3200.0,
      "5": 3200.0,
      "6": 3200.0,
      "7": 3200.0,
      "8": 4.0,
      "9": 4.0,
      "10": 4.0,
      "11": 4.0,
      "12": 4.0,
      "13": 4.0,
      "14": 4.0,
      "15": 0.0,
      "16": 0.0,
      "17": 0.0,
      "18": 0.0,
      "19": 0.0,
      "20": 0.0,
      "21": 0.0,
      "22": 0.0,
      "23": 0.0,
      "24": 0.0,
      "25": 0.0,
      "26": 0.0,
      "27": 0.0,
      "28": 0.0,
      "29": 0.0,
      "30": 0.0
    },
    "V6302": {
      "1": 0.0,
      "2": 0.0,
      "3": 0.0,
      "4": 0.0,
      "5": 0.0,
      "6": 0.0,
      "7": 0.0,
      "8": 0.0,
      "9": 0.0,
      "10": 0.0,
      "11": 0.0,
      "12": 0.0,
      "13": 0.0,
      "14": 0.0,
      "15": 0.0,
      "16": 0.0,
      "17": 0.0,
      "18": 0.0,
      "19": 0.0,
      "20": 0.0,
      "21": 0.0,
      "22": 0.0,
      "23": 0.0,
      "24": 0.0,
      "25": 0.0,
      "26": 0.0,
      "27": 0.0,
      "28": 0.0,
      "29": 0.0,
      "30": 0.0
    },
    "E2801": {
      "1": 1230.0,
      "2": 1728.0,
      "3": 1515.0,
      "4": 1409.0,
      "5": 1261.0,
      "6": 1099.0,
      "7": 732.0,
      "8": 603.0,
      "9": 1793.0,
      "10": 1507.0,
      "11": 1266.0,
      "12": 1054.0,
      "13": 855.0,
      "14": 619.0,
      "15": 432.0,
      "16": 1198.0,
      "17": 1005.0,
      "18": 804.0,
      "19": 576.0,
      "20": 339.0,
      "21": 86.0,
      "22": 828.0,
      "23": 581.0,
      "24": 348.0,
      "25": 153.0,
      "26": 0.0,
      "27": 486.0,
      "28": 315.0,
      "29": 118.0,
      "30": 0.0
    }
  }
}