{
  "status": "EVALUATED",
  "total_cost_4b": 558847.8666666667,
  "setup_cost": 143000,
  "holding_cost": 369622.0333333333,
  "backorder_cost": 31645.8333333334,
  "investment_cost_X": 1080.0,
  "investment_cost_Y": 13500.0,
  "service_level": 0.9333333333333333,
  "fill_rate": 0.9789623843554374,
  "total_new_backorder_units": 126.5833333333336,
  "comparison": {
    "total_cost_4a": 520976.5333333333,
    "total_cost_4b": 558847.8666666667,
    "difference": 37871.33333333337
  },
  "backorder_per_period": {
    "1": 0.0,
    "2": 0.0,
    "3": 0.0,
    "4": 0.0,
    "5": 0.0,
    "6": 0.0,
    "7": 0.0,
    "8": 0.0,
    "9": 0.0,
    "10": 0.0,
    "11": 0.0,
    "12": 0.0,
    "13": 0.0,
    "14": 0.0,
    "15": 0.0,
    "16": 0.0,
    "17": 0.0,
    "18": 0.0,
    "19": 0.0,
    "20": 0.0,
    "21": 0.0,
    "22": 0.0,
    "23": 0.0,
    "24": 0.0,
    "25": 0.0,
    "26": 16.583333333333485,
    "27": 0.0,
    "28": 0.0,
    "29": 0.0,
    "30": 110.00000000000011
  },
  "inventory": {
    "B1401": {
      "1": 6400.0,
      "2": 6400.0,
      "3": 6400.0,
      "4": 6400.0,
      "5": 6400.0,
      "6": 0.0,
      "7": 0.0,
      "8": 0.0,
      "9": 3628.0,
      "10": 7261.333333333334,
      "11": 10894.666666666668,
      "12": 0.0,
      "13": 0.0,
      "14": 0.0,
      "15": 3633.3333333333335,
      "16": 7266.666666666667,
      "17": 10900.0,
      "18": 5.33333333333394,
      "19": 5.33333333333394,
      "20": 5.33333333333394,
      "21": 3638.6666666666674,
      "22": 7272.000000000001,
      "23": 9.094947017729282e-13,
      "24": 9.094947017729282e-13,
      "25": 9.094947017729282e-13,
      "26": 9.094947017729282e-13,
      "27": 9.094947017729282e-13,
      "28": 9.094947017729282e-13,
      "29": 9.094947017729282e-13,
      "30": 9.094947017729282e-13
    },
    "B2302": {
      "1": 4000.0,
      "2": 4000.0,
      "3": 4000.0,
      "4": 4000.0,
      "5": 4000.0,
      "6": 0.0,
      "7": 0.0,
      "8": 0.0,
      "9": 0.0,
      "10": 0.0,
      "11": 5446.0,
      "12": 0.0,
      "13": 0.0,
      "14": 0.0,
      "15": 0.0,
      "16": 0.0,
      "17": 5446.0,
      "18": 0.0,
      "19": 0.0,
      "20": 0.0,
      "21": 0.0,
      "22": 2729.0,
      "23": 0.0,
      "24": 0.0,
      "25": 0.0,
      "26": 0.0,
      "27": 0.0,
      "28": 0.0,
      "29": 0.0,
      "30": 0.0
    },
    "B3201": {
      "1": 5200.0,
      "2": 5200.0,
      "3": 5200.0,
      "4": 5200.0,
      "5": 5200.0,
      "6": 400.0,
      "7": 0.0,
      "8": 0.0,
      "9": 0.0,
      "10": 0.0,
      "11": 0.0,
      "12": 0.0,
      "13": 0.0,
      "14": 0.0,
      "15": 0.0,
      "16": 0.0,
      "17": 0.0,
      "18": 0.0,
      "19": 0.0,
      "20": 0.0,
      "21": 0.0,
      "22": 0.0,
      "23": 0.0,
      "24": 0.0,
      "25": 0.0,
      "26": 0.0,
      "27": 0.0,
      "28": 0.0,
      "29": 0.0,
      "30": 0.0
    },
    "B4702": {
      "1": 3200.0,
      "2": 3200.0,
      "3": 3200.0,
      "4": 3200.0,
      "5": 3200.0,
      "6": 0.0,
      "7": 0.0,
      "8": 0.0,
      "9": 0.0,
      "10": 0.0,
      "11": 0.0,
      "12": 0.0,
      "13": 0.0,
      "14": 0.0,
      "15": 0.0,
      "16": 0.0,
      "17": 0.0,
      "18": 0.0,
      "19": 0.0,
      "20": 0.0,
      "21": 0.0,
      "22": 0.0,
      "23": 0.0,
      "24": 0.0,
      "25": 0.0,
      "26": 0.0,
      "27": 0.0,
      "28": 0.0,
      "29": 0.0,
      "30": 0.0
    },
    "V1501": {
      "1": 3200.0,
      "2": 3200.0,
      "3": 3200.0,
      "4": 3200.0,
      "5": 3200.0,
      "6": 3200.0,
      "7": 3200.0,
      "8": 0.0,
      "9": 0.0,
      "10": 0.0,
      "11": 0.0,
      "12": 0.0,
      "13": 0.0,
      "14": 0.0,
      "15": 0.0,
      "16": 0.0,
      "17": 0.0,
      "18": 0.0,
      "19": 0.0,
      "20": 0.0,
      "21": 0.0,
      "22": 0.0,
      "23": 0.0,
      "24": 0.0,
      "25": 0.0,
      "26": 0.0,
      "27": 0.0,
      "28": 0.0,
      "29": 0.0,
      "30": 0.0
    },
    "V6302": {
      "1": 0.0,
      "2": 0.0,
      "3": 0.0,
      "4": 0.0,
      "5": 0.0,
      "6": 0.0,
      "7": 0.0,
      "8": 0.0,
      "9": 0.0,
      "10": 0.0,
      "11": 0.0,
      "12": 0.0,
      "13": 0.0,
      "14": 0.0,
      "15": 0.0,
      "16": 0.0,
      "17": 0.0,
      "18": 0.0,
      "19": 0.0,
      "20": 0.0,
      "21": 0.0,
      "22": 0.0,
      "23": 0.0,
      "24": 0.0,
      "25": 0.0,
      "26": 0.0,
      "27": 0.0,
      "28": 0.0,
      "29": 0.0,
      "30": 0.0
    },
    "E2801": {
      "1": 1230.0,
      "2": 1728.0,
      "3": 1515.0,
      "4": 1409.0,
      "5": 1261.0,
      "6": 1099.0,
      "7": 732.0,
      "8": 603.0,
      "9": 1293.0,
      "10": 1616.4166666666665,
      "11": 1375.4166666666665,
      "12": 1163.4166666666665,
      "13": 964.4166666666665,
      "14": 728.4166666666665,
      "15": 541.4166666666665,
      "16": 1263.4166666666665,
      "17": 1070.4166666666665,
      "18": 869.4166666666665,
      "19": 641.4166666666665,
      "20": 404.4166666666665,
      "21": 151.41666666666652,
      "22": 850.4166666666665,
      "23": 603.4166666666665,
      "24": 370.4166666666665,
      "25": 175.41666666666652,
      "26": 0.0,
      "27": 485.9999999999999,
      "28": 314.9999999999999,
      "29": 117.99999999999989,
      "30": 0.0
    }
  }
}