{
  "status": "EVALUATED",
  "total_cost_4b": 557677.3,
  "setup_cost": 143000,
  "holding_cost": 370457.3,
  "backorder_cost": 30750.0,
  "investment_cost_X": 1020.0,
  "investment_cost_Y": 12450.000000000002,
  "service_level": 0.9333333333333333,
  "fill_rate": 0.9795579192288516,
  "total_new_backorder_units": 123.0,
  "comparison": {
    "total_cost_4a": 520723.3,
    "total_cost_4b": 557677.3,
    "difference": 36954.00000000006
  },
  "backorder_per_period": {
    "1": 0.0,
    "2": 0.0,
    "3": 0.0,
    "4": 0.0,
    "5": 0.0,
    "6": 0.0,
    "7": 0.0,
    "8": 0.0,
    "9": 0.0,
    "10": 0.0,
    "11": 0.0,
    "12": 0.0,
    "13": 0.0,
    "14": 0.0,
    "15": 0.0,
    "16": 0.0,
    "17": 0.0,
    "18": 0.0,
    "19": 0.0,
    "20": 0.0,
    "21": 0.0,
    "22": 0.0,
    "23": 0.0,
    "24": 0.0,
    "25": 0.0,
    "26": 13.0,
    "27": 0.0,
    "28": 0.0,
    "29": 0.0,
    "30": 110.0
  },
  "inventory": {
    "B1401": {
      "1": 6400,
      "2": 6400,
      "3": 6400,
      "4": 6400,
      "5": 6400,
      "6": 2,
      "7": 2,
      "8": 2,
      "9": 3612,
      "10": 7222,
      "11": 10832,
      "12": 10,
      "13": 10,
      "14": 10,
      "15": 3620,
      "16": 7230,
      "17": 10840,
      "18": 18,
      "19": 18,
      "20": 18,
      "21": 3628,
      "22": 7238,
      "23": 0,
      "24": 0,
      "25": 0,
      "26": 0,
      "27": 0,
      "28": 0,
      "29": 0,
      "30": 0
    },
    "B2302": {
      "1": 4000,
      "2": 4000,
      "3": 4000,
      "4": 4000,
      "5": 4000,
      "6": 0,
      "7": 0,
      "8": 0,
      "9": 0,
      "10": 0,
      "11": 5409,
      "12": 0,
      "13": 0,
      "14": 0,
      "15": 0,
      "16": 0,
      "17": 5409,
      "18": 0,
      "19": 0,
      "20": 0,
      "21": 0,
      "22": 2721,
      "23": 0,
      "24": 0,
      "25": 0,
      "26": 0,
      "27": 0,
      "28": 0,
      "29": 0,
      "30": 0
    },
    "B3201": {
      "1": 5200,
      "2": 5200,
      "3": 5200,
      "4": 5200,
      "5": 5200,
      "6": 400,
      "7": 0,
      "8": 0,
      "9": 0,
      "10": 0,
      "11": 0,
      "12": 0,
      "13": 0,
      "14": 0,
      "15": 0,
      "16": 0,
      "17": 0,
      "18": 0,
      "19": 0,
      "20": 0,
      "21": 0,
      "22": 0,
      "23": 0,
      "24": 0,
      "25": 0,
      "26": 0,
      "27": 0,
      "28": 0,
      "29": 0,
      "30": 0
    },
    "B4702": {
      "1": 3200,
      "2": 3200,
      "3": 3200,
      "4": 3200,
      "5": 3200,
      "6": 0,
      "7": 0,
      "8": 0,
      "9": 0,
      "10": 0,
      "11": 0,
      "12": 0,
      "13": 0,
      "14": 0,
      "15": 0,
      "16": 0,
      "17": 0,
      "18": 0,
      "19": 0,
      "20": 0,
      "21": 0,
      "22": 0,
      "23": 0,
      "24": 0,
      "25": 0,
      "26": 0,
      "27": 0,
      "28": 0,
      "29": 0,
      "30": 0
    },
    "V1501": {
      "1": 3200,
      "2": 3200,
      "3": 3200,
      "4": 3200,
      "5": 3200,
      "6": 3200,
      "7": 3200,
      "8": 0,
      "9": 0,
      "10": 0,
      "11": 0,
      "12": 0,
      "13": 0,
      "14": 0,
      "15": 0,
      "16": 0,
      "17": 0,
      "18": 0,
      "19": 0,
      "20": 0,
      "21": 0,
      "22": 0,
      "23": 0,
      "24": 0,
      "25": 0,
      "26": 0,
      "27": 0,
      "28": 0,
      "29": 0,
      "30": 0
    },
    "V6302": {
      "1": 0,
      "2": 0,
      "3": 0,
      "4": 0,
      "5": 0,
      "6": 0,
      "7": 0,
      "8": 0,
      "9": 0,
      "10": 0,
      "11": 0,
      "12": 0,
      "13": 0,
      "14": 0,
      "15": 0,
      "16": 0,
      "17": 0,
      "18": 0,
      "19": 0,
      "20": 0,
      "21": 0,
      "22": 0,
      "23": 0,
      "24": 0,
      "25": 0,
      "26": 0,
      "27": 0,
      "28": 0,
      "29": 0,
      "30": 0
    },
    "E2801": {
      "1": 1230,
      "2": 1728,
      "3": 1515,
      "4": 1409,
      "5": 1261,
      "6": 1099,
      "7": 732,
      "8": 603,
      "9": 1293,
      "10": 1632,
      "11": 1391,
      "12": 1179,
      "13": 980,
      "14": 744,
      "15": 557,
      "16": 1273,
      "17": 1080,
      "18": 879,
      "19": 651,
      "20": 414,
      "21": 161,
      "22": 854,
      "23": 607,
      "24": 374,
      "25": 179,
      "26": 0,
      "27": 486,
      "28": 315,
      "29": 118,
      "30": 0
    }
  }
}