{
  "status": "SIMULATED",
  "based_on_plan": "output_3a.json",
  "demand_type": "realized",
  "costs": {
    "setup_cost": 145500.0,
    "holding_cost": 375610.8,
    "overtime_cost_X": 132.0,
    "overtime_cost_Y": 6310.0,
    "total_overtime_cost": 6442.0,
    "backorder_cost": 34000.0,
    "total_cost": 561552.8
  },
  "comparison_with_3a": {
    "total_cost_3a": 521270.8,
    "total_cost_3b": 561552.8,
    "difference": 40282.0
  },
  "service_metrics": {
    "service_level_pct": 93.333333,
    "fill_rate_pct": 97.739737,
    "periods_no_backorder": 28,
    "total_periods": 30,
    "total_demand_units": 6017,
    "units_on_time": 5881.0
  },
  "inventory": {
    "B1401": {
      "1": 6400.0,
      "2": 6400.0,
      "3": 6400.0,
      "4": 6400.0,
      "5": 8667.0,
      "6": 0.0,
      "7": 0.0,
      "8": 0.0,
      "9": 3329.0,
      "10": 6662.0,
      "11": 9995.0,
      "12": 0.0,
      "13": 0.0,
      "14": 0.0,
      "15": 3333.0,
      "16": 6666.0,
      "17": 9999.0,
      "18": 5.0,
      "19": 5.0,
      "20": 5.0,
      "21": 3339.0,
      "22": 6963.0,
      "23": 0.0,
      "24": 0.0,
      "25": 0.0,
      "26": 0.0,
      "27": 0.0,
      "28": 0.0,
      "29": 0.0,
      "30": 0.0
    },
    "B2302": {
      "1": 4000.0,
      "2": 4000.0,
      "3": 4000.0,
      "4": 4000.0,
      "5": 4000.0,
      "6": 0.0,
      "7": 0.0,
      "8": 0.0,
      "9": 0.0,
      "10": 0.0,
      "11": 4996.0,
      "12": 0.0,
      "13": 0.0,
      "14": 0.0,
      "15": 0.0,
      "16": 0.0,
      "17": 4996.0,
      "18": 0.0,
      "19": 0.0,
      "20": 0.0,
      "21": 0.0,
      "22": 3292.0,
      "23": 0.0,
      "24": 0.0,
      "25": 0.0,
      "26": 0.0,
      "27": 0.0,
      "28": 0.0,
      "29": 0.0,
      "30": 0.0
    },
    "B3201": {
      "1": 5200.0,
      "2": 5200.0,
      "3": 5200.0,
      "4": 5200.0,
      "5": 5200.0,
      "6": 400.0,
      "7": 0.0,
      "8": 0.0,
      "9": 0.0,
      "10": 0.0,
      "11": 0.0,
      "12": 0.0,
      "13": 0.0,
      "14": 0.0,
      "15": 0.0,
      "16": 0.0,
      "17": 0.0,
      "18": 0.0,
      "19": 0.0,
      "20": 0.0,
      "21": 0.0,
      "22": 0.0,
      "23": 0.0,
      "24": 0.0,
      "25": 0.0,
      "26": 0.0,
      "27": 0.0,
      "28": 0.0,
      "29": 0.0,
      "30": 0.0
    },
    "B4702": {
      "1": 3200.0,
      "2": 3200.0,
      "3": 3200.0,
      "4": 3200.0,
      "5": 3200.0,
      "6": 0.0,
      "7": 0.0,
      "8": 0.0,
      "9": 0.0,
      "10": 0.0,
      "11": 0.0,
      "12": 0.0,
      "13": 0.0,
      "14": 0.0,
      "15": 0.0,
      "16": 0.0,
      "17": 0.0,
      "18": 0.0,
      "19": 0.0,
      "20": 0.0,
      "21": 0.0,
      "22": 0.0,
      "23": 0.0,
      "24": 0.0,
      "25": 0.0,
      "26": 0.0,
      "27": 0.0,
      "28": 0.0,
      "29": 0.0,
      "30": 0.0
    },
    "V1501": {
      "1": 3200.0,
      "2": 3200.0,
      "3": 3200.0,
      "4": 3200.0,
      "5": 3200.0,
      "6": 3200.0,
      "7": 3200.0,
      "8": 0.0,
      "9": 0.0,
      "10": 0.0,
      "11": 0.0,
      "12": 0.0,
      "13": 0.0,
      "14": 0.0,
      "15": 0.0,
      "16": 0.0,
      "17": 0.0,
      "18": 0.0,
      "19": 0.0,
      "20": 0.0,
      "21": 0.0,
      "22": 0.0,
      "23": 0.0,
      "24": 0.0,
      "25": 0.0,
      "26": 0.0,
      "27": 0.0,
      "28": 0.0,
      "29": 0.0,
      "30": 0.0
    },
    "V6302": {
      "1": 0.0,
      "2": 0.0,
      "3": 0.0,
      "4": 0.0,
      "5": 0.0,
      "6": 0.0,
      "7": 0.0,
      "8": 0.0,
      "9": 0.0,
      "10": 0.0,
      "11": 0.0,
      "12": 0.0,
      "13": 0.0,
      "14": 0.0,
      "15": 0.0,
      "16": 0.0,
      "17": 0.0,
      "18": 0.0,
      "19": 0.0,
      "20": 0.0,
      "21": 0.0,
      "22": 0.0,
      "23": 0.0,
      "24": 0.0,
      "25": 0.0,
      "26": 0.0,
      "27": 0.0,
      "28": 0.0,
      "29": 0.0,
      "30": 0.0
    },
    "E2801": {
      "1": 1230.0,
      "2": 1728.0,
      "3": 1515.0,
      "4": 1409.0,
      "5": 1261.0,
      "6": 1099.0,
      "7": 732.0,
      "8": 603.0,
      "9": 1293.0,
      "10": 1757.0,
      "11": 1516.0,
      "12": 1304.0,
      "13": 1105.0,
      "14": 869.0,
      "15": 682.0,
      "16": 1329.0,
      "17": 1136.0,
      "18": 935.0,
      "19": 707.0,
      "20": 470.0,
      "21": 217.0,
      "22": 841.0,
      "23": 594.0,
      "24": 361.0,
      "25": 166.0,
      "26": 0.0,
      "27": 486.0,
      "28": 315.0,
      "29": 118.0,
      "30": 0.0
    }
  },
  "backorders": {
    "1": 0.0,
    "2": 0.0,
    "3": 0.0,
    "4": 0.0,
    "5": 0.0,
    "6": 0.0,
    "7": 0.0,
    "8": 0.0,
    "9": 0.0,
    "10": 0.0,
    "11": 0.0,
    "12": 0.0,
    "13": 0.0,
    "14": 0.0,
    "15": 0.0,
    "16": 0.0,
    "17": 0.0,
    "18": 0.0,
    "19": 0.0,
    "20": 0.0,
    "21": 0.0,
    "22": 0.0,
    "23": 0.0,
    "24": 0.0,
    "25": 0.0,
    "26": 26.0,
    "27": 0.0,
    "28": 0.0,
    "29": 0.0,
    "30": 110.0
  },
  "end_product_net_position": {
    "1": 1230.0,
    "2": 1728.0,
    "3": 1515.0,
    "4": 1409.0,
    "5": 1261.0,
    "6": 1099.0,
    "7": 732.0,
    "8": 603.0,
    "9": 1293.0,
    "10": 1757.0,
    "11": 1516.0,
    "12": 1304.0,
    "13": 1105.0,
    "14": 869.0,
    "15": 682.0,
    "16": 1329.0,
    "17": 1136.0,
    "18": 935.0,
    "19": 707.0,
    "20": 470.0,
    "21": 217.0,
    "22": 841.0,
    "23": 594.0,
    "24": 361.0,
    "25": 166.0,
    "26": -26.0,
    "27": 486.0,
    "28": 315.0,
    "29": 118.0,
    "30": -110.0
  },
  "overtime_usage_from_3a_plan": {
    "1": {
      "X_overtime_units": 0.0,
      "Y_overtime_hours": 0.0,
      "Y_overtime_minutes": 0.0,
      "overtime_cost_X": 0.0,
      "overtime_cost_Y": 0.0,
      "total_overtime_cost": 0.0
    },
    "2": {
      "X_overtime_units": 0.0,
      "Y_overtime_hours": 0.0,
      "Y_overtime_minutes": 0.0,
      "overtime_cost_X": 0.0,
      "overtime_cost_Y": 0.0,
      "total_overtime_cost": 0.0
    },
    "3": {
      "X_overtime_units": 0.0,
      "Y_overtime_hours": 0.0,
      "Y_overtime_minutes": 0.0,
      "overtime_cost_X": 0.0,
      "overtime_cost_Y": 0.0,
      "total_overtime_cost": 0.0
    },
    "4": {
      "X_overtime_units": 0.0,
      "Y_overtime_hours": 0.0,
      "Y_overtime_minutes": 0.0,
      "overtime_cost_X": 0.0,
      "overtime_cost_Y": 0.0,
      "total_overtime_cost": 0.0
    },
    "5": {
      "X_overtime_units": 0.0,
      "Y_overtime_hours": 0.0,
      "Y_overtime_minutes": 0.0,
      "overtime_cost_X": 0.0,
      "overtime_cost_Y": 0.0,
      "total_overtime_cost": 0.0
    },
    "6": {
      "X_overtime_units": 0.0,
      "Y_overtime_hours": 0.0,
      "Y_overtime_minutes": 0.0,
      "overtime_cost_X": 0.0,
      "overtime_cost_Y": 0.0,
      "total_overtime_cost": 0.0
    },
    "7": {
      "X_overtime_units": 0.0,
      "Y_overtime_hours": 0.0,
      "Y_overtime_minutes": 0.0,
      "overtime_cost_X": 0.0,
      "overtime_cost_Y": 0.0,
      "total_overtime_cost": 0.0
    },
    "8": {
      "X_overtime_units": 0.0,
      "Y_overtime_hours": 0.0,
      "Y_overtime_minutes": 0.0,
      "overtime_cost_X": 0.0,
      "overtime_cost_Y": 0.0,
      "total_overtime_cost": 0.0
    },
    "9": {
      "X_overtime_units": 0.0,
      "Y_overtime_hours": 0.0,
      "Y_overtime_minutes": 0.0,
      "overtime_cost_X": 0.0,
      "overtime_cost_Y": 0.0,
      "total_overtime_cost": 0.0
    },
    "10": {
      "X_overtime_units": 0.0,
      "Y_overtime_hours": 0.0,
      "Y_overtime_minutes": 0.0,
      "overtime_cost_X": 0.0,
      "overtime_cost_Y": 0.0,
      "total_overtime_cost": 0.0
    },
    "11": {
      "X_overtime_units": 0.0,
      "Y_overtime_hours": 0.0,
      "Y_overtime_minutes": 0.0,
      "overtime_cost_X": 0.0,
      "overtime_cost_Y": 0.0,
      "total_overtime_cost": 0.0
    },
    "12": {
      "X_overtime_units": 0.0,
      "Y_overtime_hours": 0.0,
      "Y_overtime_minutes": 0.0,
      "overtime_cost_X": 0.0,