{
  "status": "EVALUATED",
  "total_cost_4b": 558978.3,
  "setup_cost": 143000,
  "holding_cost": 369648.3,
  "backorder_cost": 31750.0,
  "investment_cost_X": 1080.0,
  "investment_cost_Y": 13500.0,
  "service_level": 0.9333333333333333,
  "fill_rate": 0.9788931361143427,
  "total_new_backorder_units": 127.0,
  "comparison": {
    "total_cost_4a": 521000.3,
    "total_cost_4b": 558978.3,
    "difference": 37978.00000000006
  },
  "backorder_per_period": {
    "1": 0.0,
    "2": 0.0,
    "3": 0.0,
    "4": 0.0,
    "5": 0.0,
    "6": 0.0,
    "7": 0.0,
    "8": 0.0,
    "9": 0.0,
    "10": 0.0,
    "11": 0.0,
    "12": 0.0,
    "13": 0.0,
    "14": 0.0,
    "15": 0.0,
    "16": 0.0,
    "17": 0.0,
    "18": 0.0,
    "19": 0.0,
    "20": 0.0,
    "21": 0.0,
    "22": 0.0,
    "23": 0.0,
    "24": 0.0,
    "25": 0.0,
    "26": 17.0,
    "27": 0.0,
    "28": 0.0,
    "29": 0.0,
    "30": 110.0
  },
  "inventory": {
    "B1401": {
      "1": 6400.0,
      "2": 6400.0,
      "3": 6400.0,
      "4": 6400.0,
      "5": 6400.0,
      "6": -0.0,
      "7": -0.0,
      "8": -0.0,
      "9": 3622.0,
      "10": 7255.0,
      "11": 10888.0,
      "12": 9.0,
      "13": 9.0,
      "14": 9.0,
      "15": 3642.0,
      "16": 7275.0,
      "17": 10908.0,
      "18": 13.0,
      "19": 13.0,
      "20": 13.0,
      "21": 3646.0,
      "22": 7279.0,
      "23": -0.0,
      "24": -0.0,
      "25": -0.0,
      "26": -0.0,
      "27": -0.0,
      "28": -0.0,
      "29": -0.0,
      "30": 0.0
    },
    "B2302": {
      "1": 4000.0,
      "2": 4000.0,
      "3": 4000.0,
      "4": 4000.0,
      "5": 4000.0,
      "6": -0.0,
      "7": -0.0,
      "8": -0.0,
      "9": -0.0,
      "10": -0.0,
      "11": 5434.0,
      "12": -0.0,
      "13": -0.0,
      "14": -0.0,
      "15": -0.0,
      "16": -0.0,
      "17": 5446.0,
      "18": -0.0,
      "19": -0.0,
      "20": -0.0,
      "21": -0.0,
      "22": 2734.0,
      "23": -0.0,
      "24": -0.0,
      "25": -0.0,
      "26": -0.0,
      "27": -0.0,
      "28": -0.0,
      "29": -0.0,
      "30": 0.0
    },
    "B3201": {
      "1": 5200.0,
      "2": 5200.0,
      "3": 5200.0,
      "4": 5200.0,
      "5": 5200.0,
      "6": 400.0,
      "7": -0.0,
      "8": -0.0,
      "9": -0.0,
      "10": -0.0,
      "11": -0.0,
      "12": -0.0,
      "13": -0.0,
      "14": -0.0,
      "15": -0.0,
      "16": -0.0,
      "17": -0.0,
      "18": -0.0,
      "19": -0.0,
      "20": -0.0,
      "21": -0.0,
      "22": -0.0,
      "23": -0.0,
      "24": -0.0,
      "25": -0.0,
      "26": -0.0,
      "27": -0.0,
      "28": -0.0,
      "29": -0.0,
      "30": 0.0
    },
    "B4702": {
      "1": 3200.0,
      "2": 3200.0,
      "3": 3200.0,
      "4": 3200.0,
      "5": 3200.0,
      "6": -0.0,
      "7": -0.0,
      "8": -0.0,
      "9": -0.0,
      "10": -0.0,
      "11": -0.0,
      "12": -0.0,
      "13": -0.0,
      "14": -0.0,
      "15": -0.0,
      "16": -0.0,
      "17": -0.0,
      "18": -0.0,
      "19": -0.0,
      "20": -0.0,
      "21": -0.0,
      "22": -0.0,
      "23": -0.0,
      "24": -0.0,
      "25": -0.0,
      "26": -0.0,
      "27": -0.0,
      "28": -0.0,
      "29": -0.0,
      "30": 0.0
    },
    "V1501": {
      "1": 3200.0,
      "2": 3200.0,
      "3": 3200.0,
      "4": 3200.0,
      "5": 3200.0,
      "6": 3200.0,
      "7": 3200.0,
      "8": -0.0,
      "9": -0.0,
      "10": -0.0,
      "11": -0.0,
      "12": -0.0,
      "13": -0.0,
      "14": -0.0,
      "15": -0.0,
      "16": -0.0,
      "17": -0.0,
      "18": -0.0,
      "19": -0.0,
      "20": -0.0,
      "21": -0.0,
      "22": -0.0,
      "23": -0.0,
      "24": -0.0,
      "25": -0.0,
      "26": -0.0,
      "27": -0.0,
      "28": -0.0,
      "29": -0.0,
      "30": 0.0
    },
    "V6302": {
      "1": -0.0,
      "2": -0.0,
      "3": -0.0,
      "4": -0.0,
      "5": -0.0,
      "6": -0.0,
      "7": -0.0,
      "8": -0.0,
      "9": -0.0,
      "10": -0.0,
      "11": -0.0,
      "12": -0.0,
      "13": -0.0,
      "14": -0.0,
      "15": -0.0,
      "16": -0.0,
      "17": -0.0,
      "18": -0.0,
      "19": -0.0,
      "20": -0.0,
      "21": -0.0,
      "22": -0.0,
      "23": -0.0,
      "24": -0.0,
      "25": -0.0,
      "26": -0.0,
      "27": -0.0,
      "28": -0.0,
      "29": -0.0,
      "30": 0.0
    },
    "E2801": {
      "1": 1230.0,
      "2": 1728.0,
      "3": 1515.0,
      "4": 1409.0,
      "5": 1261.0,
      "6": 1099.0,
      "7": 732.0,
      "8": 603.0,
      "9": 1293.0,
      "10": 1617.0,
      "11": 1376.0,
      "12": 1164.0,
      "13": 965.0,
      "14": 729.0,
      "15": 542.0,
      "16": 1263.0,
      "17": 1070.0,
      "18": 869.0,
      "19": 641.0,
      "20": 404.0,
      "21": 151.0,
      "22": 850.0,
      "23": 603.0,
      "24": 370.0,
      "25": 175.0,
      "26": -0.0,
      "27": 486.0,
      "28": 315.0,
      "29": 118.0,
      "30": -0.0
    }
  }
}