{
  "total_cost": 574114.8,
  "setup_cost": 145500.0,
  "holding_cost": 401114.8,
  "backorder_cost": 27500.0,
  "service_level_pct": 96.66666666666667,
  "fill_rate_pct": 98.17184643510055,
  "backorders": {
    "1": 0,
    "2": 0,
    "3": 0,
    "4": 0,
    "5": 0,
    "6": 0,
    "7": 0,
    "8": 0,
    "9": 0,
    "10": 0,
    "11": 0,
    "12": 0,
    "13": 0,
    "14": 0,
    "15": 0,
    "16": 0,
    "17": 0,
    "18": 0,
    "19": 0,
    "20": 0,
    "21": 0,
    "22": 0,
    "23": 0,
    "24": 0,
    "25": 0,
    "26": 0,
    "27": 0,
    "28": 0,
    "29": 0,
    "30": 110.0
  },
  "delivered": {
    "1": 120,
    "2": 152,
    "3": 213,
    "4": 106,
    "5": 148,
    "6": 162,
    "7": 367,
    "8": 129,
    "9": 110,
    "10": 286,
    "11": 241,
    "12": 212,
    "13": 199,
    "14": 236,
    "15": 187,
    "16": 186,
    "17": 193,
    "18": 201,
    "19": 228,
    "20": 237,
    "21": 253,
    "22": 209,
    "23": 247,
    "24": 233,
    "25": 195,
    "26": 192,
    "27": 179,
    "28": 171,
    "29": 197,
    "30": 118.0
  }
}