{
  "status": "OPTIMAL",
  "total_cost": 540470.8,
  "setup_cost": 145500.0,
  "holding_cost": 394970.8,
  "workstation_capacities": {
    "X": {
      "capacity_units_per_week": 800,
      "part": "E2801"
    },
    "Y": {
      "capacity_minutes_per_week": 10000,
      "processing_times": {
        "B1401": 3,
        "B2302": 2
      }
    }
  },
  "production_schedule": {
    "B1401": {
      "1": 3312.0,
      "2": 3333.3333333333335,
      "3": 3333.3333333333335,
      "5": 3333.3333333333335,
      "6": 3333.3333333333335,
      "7": 3333.3333333333335,
      "10": 3333.3333333333335,
      "11": 3333.3333333333335,
      "12": 3333.3333333333335,
      "13": 3333.3333333333335,
      "16": 3333.3333333333335,
      "17": 3333.3333333333335,
      "18": 3333.3333333333335
    },
    "B2302": {
      "4": 5000.0,
      "8": 4600.0,
      "9": 5000.0,
      "14": 4600.0,
      "15": 5000.0,
      "19": 4084.0,
      "20": 5000.0
    },
    "B3201": {
      "6": 4100.0,
      "11": 4800.0,
      "17": 4800.0,
      "22": 4542.0
    },
    "B4702": {
      "1": 13600.0,
      "2": 15750.0,
      "7": 16800.0,
      "13": 16800.0,
      "18": 15897.0
    },
    "V1501": {
      "6": 3000.0,
      "11": 3200.0,
      "17": 3200.0,
      "22": 3028.0
    },
    "V6302": {
      "6": 2400.0,
      "7": 2250.0,
      "12": 2400.0,
      "18": 2400.0,
      "23": 2271.0
    },
    "E2801": {
      "1": 650.0,
      "8": 800.0,
      "9": 750.0,
      "14": 800.0,
      "20": 800.0,
      "25": 757.0
    }
  },
  "inventory": {
    "B1401": {
      "1": 6400.0,
      "2": 6400.0,
      "3": 6400.0,
      "4": 6400.0,
      "5": 9712.0,
      "6": 1045.3333333333333,
      "7": 4378.666666666667,
      "8": 4378.666666666667,
      "9": 7712.0,
      "10": 11045.333333333334,
      "11": 1578.6666666666667,
      "12": 1578.6666666666667,
      "13": 1578.6666666666667,
      "14": 4912.0,
      "15": 8245.333333333334,
      "16": 11578.666666666666,
      "17": 2112.0,
      "18": 2112.0,
      "19": 2112.0,
      "20": 5445.333333333333,
      "21": 8778.666666666666,
      "22": 0.0,
      "23": 0.0,
      "24": 0.0,
      "25": 0.0,
      "26": 0.0,
      "27": 0.0,
      "28": 0.0,
      "29": 0.0,
      "30": 0.0
    },
    "B2302": {
      "1": 4000.0,
      "2": 4000.0,
      "3": 4000.0,
      "4": 4000.0,
      "5": 4000.0,
      "6": 0.0,
      "7": 0.0,
      "8": 0.0,
      "9": 0.0,
      "10": 4600.0,
      "11": 0.0,
      "12": 0.0,
      "13": 0.0,
      "14": 0.0,
      "15": 0.0,
      "16": 4600.0,
      "17": 0.0,
      "18": 0.0,
      "19": 0.0,
      "20": 0.0,
      "21": 4084.0,
      "22": 0.0,
      "23": 0.0,
      "24": 0.0,
      "25": 0.0,
      "26": 0.0,
      "27": 0.0,
      "28": 0.0,
      "29": 0.0,
      "30": 0.0
    },
    "B3201": {
      "1": 5200.0,
      "2": 5200.0,
      "3": 5200.0,
      "4": 5200.0,
      "5": 5200.0,
      "6": 400.0,
      "7": 0.0,
      "8": 0.0,
      "9": 0.0,
      "10": 0.0,
      "11": 0.0,
      "12": 0.0,
      "13": 0.0,
      "14": 0.0,
      "15": 0.0,
      "16": 0.0,
      "17": 0.0,
      "18": 0.0,
      "19": 0.0,
      "20": 0.0,
      "21": 0.0,
      "22": 0.0,
      "23": 0.0,
      "24": 0.0,
      "25": 0.0,
      "26": 0.0,
      "27": 0.0,
      "28": 0.0,
      "29": 0.0,
      "30": 0.0
    },
    "B4702": {
      "1": 3200.0,
      "2": 3200.0,
      "3": 3200.0,
      "4": 3200.0,
      "5": 3200.0,
      "6": 0.0,
      "7": 0.0,
      "8": 0.0,
      "9": 0.0,
      "10": 0.0,
      "11": 0.0,
      "12": 0.0,
      "13": 0.0,
      "14": 0.0,
      "15": 0.0,
      "16": 0.0,
      "17": 0.0,
      "18": 0.0,
      "19": 0.0,
      "20": 0.0,
      "21": 0.0,
      "22": 0.0,
      "23": 0.0,
      "24": 0.0,
      "25": 0.0,
      "26": 0.0,
      "27": 0.0,
      "28": 0.0,
      "29": 0.0,
      "30": 0.0
    },
    "V1501": {
      "1": 3200.0,
      "2": 3200.0,
      "3": 3200.0,
      "4": 3200.0,
      "5": 3200.0,
      "6": 3200.0,
      "7": 3200.0,
      "8": 0.0,
      "9": 0.0,
      "10": 0.0,
      "11": 0.0,
      "12": 0.0,
      "13": 0.0,
      "14": 0.0,
      "15": 0.0,
      "16": 0.0,
      "17": 0.0,
      "18": 0.0,
      "19": 0.0,
      "20": 0.0,
      "21": 0.0,
      "22": 0.0,
      "23": 0.0,
      "24": 0.0,
      "25": 0.0,
      "26": 0.0,
      "27": 0.0,
      "28": 0.0,
      "29": 0.0,
      "30": 0.0
    },
    "V6302": {
      "1": 0.0,
      "2": 0.0,
      "3": 0.0,
      "4": 0.0,
      "5": 0.0,
      "6": 0.0,
      "7": 0.0,
      "8": 0.0,
      "9": 0.0,
      "10": 0.0,
      "11": 0.0,
      "12": 0.0,
      "13": 0.0,
      "14": 0.0,
      "15": 0.0,
      "16": 0.0,
      "17": 0.0,
      "18": 0.0,
      "19": 0.0,
      "20": 0.0,
      "21": 0.0,
      "22": 0.0,
      "23": 0.0,
      "24": 0.0,
      "25": 0.0,
      "26": 0.0,
      "27": 0.0,
      "28": 0.0,
      "29": 0.0,
      "30": 0.0
    },
    "E2801": {
      "1": 1214.0,
      "2": 1720.0,
      "3": 1457.0,
      "4": 1334.0,
      "5": 1163.0,
      "6": 968.0,
      "7": 554.0,
      "8": 407.0,
      "9": 1078.0,
      "10": 1583.0,
      "11": 1375.0,
      "12": 1197.0,
      "13": 1029.0,
      "14": 821.0,
      "15": 1448.0,
      "16": 1280.0,
      "17": 1099.0,
      "18": 911.0,
      "19": 699.0,
      "20": 446.0,
      "21": 1027.0,
      "22": 831.0,
      "23": 605.0,
      "24": 366.0,
      "25": 146.0,
      "26": 704.0,
      "27": 521.0,
      "28": 372.0,
      "29": 205.0,
      "30": 0.0
    }
  },
  "workstation_usage": {
    "X": {
      "1": 650.0,
      "2": 0.0,
      "3": 0.0,
      "4": 0.0,
      "5": 0.0,
      "6": 0.0,
      "7": 0.0,
      "8": 800.0,
      "9": 750.0,
      "10": 0.0,
      "11": 0.0,
      "12": 0.0,
      "13": 0.0,
      "14": 800.0,
      "15": 0.0,
      "16": 0.0,
      "17": 0.0,
      "18": 0.0,
      "19": 0.0,
      "20": 800.0,
      "21": 0.0,
      "22": 0.0,
      "23": 0.0,
      "24": 0.0,
      "25": 757.0,
      "26": 0.0,
      "27": 0.0,
      "28": 0.0,
      "29": 0.0,
      "30": 0.0
    },
    "Y": {
      "1": 9936.0,
      "2": 10000.0,
      "3": 10000.0,
      "4": 10000.0,
      "5": 10000.0,
      "6": 10000.0,
      "7": 10000.0,
      "8": 9200.0,
      "9": 10000.0,
      "10": 10000.0,
      "11": 10000.0,
      "12": 10000.0,
      "13": 10000.0,
      "14": 9200.0,
      "15": 10000.0,
      "16": 10000.0,
      "17": 10000.0,
      "18": 10000.0,
      "19": 8168.0,
      "20": 10000.0,
      "21": 0.0,
      "22": 0.0,
      "23": 0.0,
      "24": 0.0,
      "25": 0.0,
      "26": 0.0,
      "27": 0.0,
      "28": 0.0,
      "29": 0.0,
      "30": 0.0
    }
  }
}